input,iterative,recursive
4,0.00196,0.00199
5,0.00698,0.00598
6,0.00399,0.00299
7,0.0728,0.03889
8,0.199,0.03889
9,0.58623,0.50997
10,1.53877,1.30838
11,6.71035,4.69895
